{
  "dataset": "linear",
  "early_stopping_min_delta": 0.0,
  "early_stopping_patience": null,
  "final_loss": 0.9840984069758123,
  "loss_history": [
    1.6011896855065488,
    1.5100580110814839,
    1.4181856392896652,
    1.326577401530889,
    1.2362831553262328,
    1.148382501159028,
    1.0639639766763096,
    0.9840984069758123
  ],
  "model": "vqr",
  "n_layers": 1,
  "n_qubits": 2,
  "n_samples": 50,
  "noise": 0.1,
  "optimizer": "adam",
  "optimizer_kwargs": {},
  "params": [
    [
      [
        -0.8077662256828272,
        -0.0036778665149630797
      ],
      [
        0.012879252609317302,
        0.0019397441913145182
      ]
    ]
  ],
  "seed": 123,
  "shots": null,
  "step_size": 0.1,
  "steps": 8,
  "test_mae": 0.4922543385963767,
  "test_mse": 0.33160148289493396,
  "test_size": 0.25,
  "train_mae": 0.821795370295372,
  "train_mse": 0.9098064134379081,
  "x_test": [
    [
      -1.0497313894057174,
      1.3222245588872812
    ],
    [
      -1.2858439701865192,
      0.4468061844238999
    ],
    [
      0.4554625260557778,
      1.6045870029387852
    ],
    [
      0.9213314157763925,
      -0.34978466487180526
    ],
    [
      -0.9029858534248351,
      0.9806253902884805
    ],
    [
      -0.5707293767814009,
      0.15489365375955474
    ],
    [
      0.6725939247854379,
      2.2747644717062636
    ],
    [
      -0.1811631732894227,
      1.2267180255425498
    ],
    [
      -0.20530571652420299,
      0.8850050869090625
    ],
    [
      -0.9990867749621172,
      0.5222186147503609
    ],
    [
      -2.1177828318867715,
      1.200186717488357
    ],
    [
      1.6696776037122145,
      0.41534863111453707
    ],
    [
      -1.3358426778751804,
      -0.3039494148350348
    ]
  ],
  "x_train": [
    [
      -1.8015169307375307,
      -0.35965537664954567
    ],
    [
      0.6953696128275849,
      0.6141797351902469
    ],
    [
      0.07484964676561173,
      -0.9213156960937787
    ],
    [
      1.1375986087252796,
      1.2267867999907323
    ],
    [
      0.8376396926722415,
      -0.7159234758859233
    ],
    [
      0.6264687997948455,
      0.1122069383413076
    ],
    [
      1.1337712990320712,
      -0.304981022600465
    ],
    [
      -0.7283680853496218,
      1.7486850912794107
    ],
    [
      -1.3720103292588663,
      -0.6635449440476409
    ],
    [
      0.9309560102931996,
      -0.50927571793897
    ],
    [
      -0.4910187240576351,
      -0.7057905841362416
    ],
    [
      -0.04500872366699655,
      1.3240473835543345
    ],
    [
      0.13343861143317481,
      -0.07209423405340751
    ],
    [
      -0.9612864018832519,
      -1.1721104411836354
    ],
    [
      -0.5092377466860749,
      1.1924640729232892
    ],
    [
      -0.16694351026117596,
      0.058894492451558235
    ],
    [
      0.8268459724505286,
      -0.8684901098776159
    ],
    [
      0.09672499460520985,
      0.2572919672066183
    ],
    [
      -1.1844868308007583,
      1.1621845857142292
    ],
    [
      1.3607578433323866,
      -0.4476948662581889
    ],
    [
      -0.8667803544447815,
      -0.8193269450781615
    ],
    [
      1.9442787517597517,
      0.6381437864424249
    ],
    [
      -2.390878956441769,
      -0.11669093245718928
    ],
    [
      -0.9323644428282426,
      -1.281240594012381
    ],
    [
      -0.4378181526697427,
      -2.241496592878674
    ],
    [
      -0.8185841416788556,
      0.18297775031067398
    ],
    [
      0.04669837277130551,
      -1.0827416045119829
    ],
    [
      1.067120255066449,
      0.9917206019962335
    ],
    [
      1.776563778383241,
      2.2287142300087184
    ],
    [
      0.5934034832496111,
      1.8414447541229177
    ],
    [
      0.608155661534482,
      -1.0131478446678728
    ],
    [
      -1.1835308457814981,
      -0.954677085341093
    ],
    [
      1.2863081238950196,
      0.9917848494979915
    ],
    [
      -0.5595148849524484,
      0.7824115176350794
    ],
    [
      -0.6072669985062205,
      -0.12156757597361208
    ],
    [
      0.21353664140439257,
      -0.47736752355558465
    ],
    [
      -0.3338700999909177,
      -0.504805389463804
    ]
  ],
  "y_test": [
    0.518915818752544,
    -0.2592276251946067,
    1.4332785267899004,
    0.16376060404305368,
    0.3254423719102785,
    -0.14901412814988776,
    2.0468419957852246,
    0.8492228715633756,
    0.5780132081214968,
    -0.06827337083075942,
    -0.07237156716374163,
    1.0940674476974104,
    -0.852519667019002
  ],
  "y_test_pred": [
    -0.282789704754817,
    -0.49932009706099206,
    0.9385802873555202,
    0.9935584014024159,
    -0.13949929973995334,
    0.19111771417359447,
    0.990878126464555,
    0.5495845962320787,
    0.5292567974427917,
    -0.233870485802938,
    -0.9767532137113245,
    0.6509877536255375,
    -0.5419978223296136
  ],
  "y_train": [
    -1.1105935110483007,
    0.792901440753012,
    -0.6669168563739425,
    1.4625948491704248,
    -0.1538271652436742,
    0.3743656178992385,
    0.29575966549077,
    0.9927729782623614,
    -1.143942091351956,
    0.04539193734077652,
    -0.7658879532948666,
    0.987162029321292,
    0.007272821313626994,
    -1.3406147215675333,
    0.6712585956453877,
    -0.03273782278280425,
    -0.2750499374429606,
    0.24275343066363997,
    0.3345153782263868,
    0.2927754179001276,
    -1.0282787011665881,
    1.3907476045208353,
    -1.2022700506452033,
    -1.4102992844784406,
    -1.9121594273734264,
    -0.24429826913872596,
    -0.8001864178407071,
    1.2530037684725985,
    2.524207041708483,
    1.6776206708379984,
    -0.488636115568017,
    -1.2782869331764133,
    1.3545715926603767,
    0.33621015572584406,
    -0.3776075637656532,
    -0.2623007748619022,
    -0.5419913987920671
  ],
  "y_train_pred": [
    -0.8616372427227748,
    0.9936901476036619,
    0.7432262577986966,
    0.9460966453449269,
    0.9995538211682228,
    0.9836105871912277,
    0.9473293190727217,
    0.03465507536875295,
    -0.572031308394891,
    0.9924217295713608,
    0.26866940249924043,
    0.6578958424418067,
    0.7811269466721714,
    -0.1969600882994097,
    0.25107663068394237,
    0.5614082820130754,
    0.9998179871533542,
    0.757682755439732,
    -0.409090143710623,
    0.8509570291036914,
    -0.10356422353907169,
    0.4207607936695681,
    -0.9983729459029348,
    -0.16852624896851087,
    0.31950963177881336,
    -0.05552546935324526,
    0.72409993084097,
    0.9665558429788791,
    0.5662910038423472,
    0.9771121530870134,
    0.9801438724807355,
    -0.4082176263380461,
    0.8876673006797159,
    0.2021132421200349,
    0.15513400844197228,
    0.8285800777836363,
    0.41610712523674587
  ]
}