{
  "early_stopping_min_delta": 0.0,
  "early_stopping_patience": null,
  "family": "correlated",
  "final_loss": 0.3676286363018185,
  "latent_qubits": 2,
  "loss_history": [
    0.3657726646888396,
    0.37076484492213924,
    0.3660635542155509,
    0.36683057828639265,
    0.36855567371667064,
    0.3676286363018185
  ],
  "model": "quantum_autoencoder",
  "n_layers": 1,
  "n_qubits": 4,
  "n_samples": 32,
  "noise": 0.05,
  "optimizer": "adam",
  "optimizer_kwargs": {},
  "params": [
    [
      [
        -0.024074781258762567,
        -0.0036778664820858757
      ],
      [
        0.02090375034438736,
        0.0019397442576930836
      ],
      [
        0.0247659987415156,
        0.005771038009635294
      ],
      [
        -0.02815844621539101,
        0.005419522236004028
      ]
    ]
  ],
  "seed": 123,
  "step_size": 0.1,
  "steps": 6,
  "test_compression_fidelity": 0.7014126564404862,
  "test_compression_scores": [
    0.6881814123920665,
    0.9897685347826622,
    0.9652443987979468,
    0.2341743503905004,
    0.6188566731730974,
    0.9903844340581263,
    0.25253942243435157,
    0.8721520254951385
  ],
  "test_reconstruction_fidelity": 1.0000000000000002,
  "test_reconstruction_scores": [
    1.0,
    0.9999999999999998,
    1.0,
    0.9999999999999998,
    0.9999999999999991,
    1.0000000000000004,
    1.0000000000000009,
    1.0000000000000009
  ],
  "test_size": 0.25,
  "train_compression_fidelity": 0.6339122660339788,
  "train_compression_scores": [
    0.994311027272877,
    0.06442529625711552,
    0.36736541210213003,
    0.3163360313089104,
    0.5948573807530471,
    0.9911829819635298,
    0.8708768479920388,
    0.3421459871452765,
    0.4538390041303479,
    0.6477890129220749,
    0.18075763699329375,
    0.2819583656804154,
    0.9281554939444877,
    0.4979806867993798,
    0.5326615837072423,
    0.46372099344025175,
    0.8795259225723457,
    0.9048624075406506,
    0.7862252519930886,
    0.9072085080194587,
    0.499445425957298,
    0.7975572754022129,
    0.971120342717292,
    0.9395855082007261
  ],
  "train_reconstruction_fidelity": 1.0000000000000002,
  "train_reconstruction_scores": [
    0.9999999999999993,
    1.0000000000000004,
    1.0000000000000004,
    1.0000000000000004,
    1.0000000000000009,
    1.0,
    1.0000000000000009,
    1.0000000000000009,
    0.9999999999999998,
    0.9999999999999998,
    1.0000000000000009,
    1.0000000000000004,
    1.0000000000000009,
    1.0,
    1.0,
    1.0,
    0.9999999999999998,
    0.9999999999999998,
    1.0,
    0.9999999999999998,
    1.0,
    1.0,
    1.0000000000000009,
    1.0
  ],
  "trash_qubits": 2,
  "x_test": [
    [
      1.3404765817355089,
      1.1812430467588737
    ],
    [
      0.3594606399999717,
      0.17120273330851898
    ],
    [
      0.12099442095178978,
      -0.305338817362102
    ],
    [
      -2.8417644757711207,
      -2.112619846951679
    ],
    [
      2.423348266866928,
      1.200333636567222
    ],
    [
      0.38689162735135213,
      0.14516737674152252
    ],
    [
      -1.8347831954802047,
      -2.0861236132182217
    ],
    [
      -1.4961646182994954,
      -0.5699718138468293
    ]
  ],
  "x_train": [
    [
      -0.04490134913330229,
      0.11741832420340606
    ],
    [
      -2.702812817785002,
      -2.628350515758976
    ],
    [
      1.7210553954098704,
      1.8379193575233876
    ],
    [
      1.797587575305587,
      1.9453541754588586
    ],
    [
      2.408818152401407,
      1.2748162269238805
    ],
    [
      0.05064362689950391,
      -0.15110120448739597
    ],
    [
      -1.5280812164395594,
      -0.5557018781377487
    ],
    [
      2.4288588933937887,
      1.8774988345944033
    ],
    [
      -2.438048150282792,
      -1.6241877343213877
    ],
    [
      1.6604889874267799,
      1.2555388713254894
    ],
    [
      2.3828285535783524,
      2.262385362810565
    ],
    [
      -2.1242495539637414,
      -2.021462941791695
    ],
    [
      1.0153513516416681,
      -0.0581339510257273
    ],
    [
      -1.6531411522749098,
      -1.574124572193168
    ],
    [
      -1.8572892182262106,
      -1.4962979803713505
    ],
    [
      -1.4359271278629273,
      -1.640717590035358
    ],
    [
      -1.159940360227636,
      -0.6651249057239433
    ],
    [
      1.2896918915749789,
      0.4778829302927212
    ],
    [
      1.9187385017655934,
      0.785447492570251
    ],
    [
      -1.3405799836539196,
      -0.4110890476738556
    ],
    [
      1.911265838885853,
      1.5634599686205675
    ],
    [
      -1.810758958023657,
      -0.7890251609997976
    ],
    [
      -0.14211553781766786,
      0.2688721145445596
    ],
    [
      0.03754672646563564,
      0.44973264887660347
    ]
  ]
}