{
  "alignment_trace": [
    0.1755326944329655,
    0.17553269443296546
  ],
  "dataset": "moons",
  "early_stopping_min_delta": 0.0,
  "early_stopping_patience": null,
  "embedding": "data_reupload",
  "embedding_layers": 1,
  "final_alignment": 0.17553269443296546,
  "final_loss": -0.17553234202435822,
  "kernel_matrix_test": [
    [
      0.0003165395257935024,
      0.04186658252261104,
      0.8052178137724734,
      0.2367220614002945,
      0.1478610938544044,
      0.13575162811533112,
      0.5397557600505211,
      0.5222846446436352,
      0.3022675699403389,
      0.5614479290462249,
      0.03741244164805557,
      0.07244171066585688,
      0.4920404063122355,
      0.8161552404978292,
      0.023728923863721697
    ],
    [
      0.6846437142789532,
      0.2545914519875672,
      0.0816270147715026,
      0.012779778974960274,
      0.9901311754163475,
      0.5487872923783325,
      0.6525793235588814,
      0.6392964194911736,
      0.005698534674697863,
      0.21095259307638892,
      0.3001719791155755,
      0.6386763873830088,
      0.000496939690352594,
      0.34695597953526364,
      0.9048156455398706
    ],
    [
      0.972999539732561,
      0.7755599370773614,
      0.012582920102187192,
      0.016011488319657943,
      0.5542053152328764,
      0.6532357402231058,
      0.26474141964880477,
      0.28963751734759835,
      0.014550474030066096,
      0.16054145008315457,
      0.8303338654905204,
      0.780034410597538,
      0.006338360084097611,
      0.00424910446404833,
      0.8343373179759365
    ],
    [
      0.40496672508311965,
      0.549051678787941,
      0.4930809491017788,
      0.6360614284004198,
      0.2236754177386927,
      0.8161830457787026,
      0.5327790015754281,
      0.579591874375217,
      0.6002363362289718,
      0.8324708945927658,
      0.5323415547223616,
      0.699864474660277,
      0.46801664029100337,
      0.21648176321578708,
      0.2360114411570944
    ],
    [
      0.258893660935301,
      0.3794000476079004,
      0.6271948502448123,
      0.793280139506015,
      0.13085334073490387,
      0.6805186462310867,
      0.47655155743593475,
      0.5214147147716847,
      0.766740843999826,
      0.8828438721132902,
      0.3628594639706457,
      0.5438771328849646,
      0.6397467101403262,
      0.22909617397202697,
      0.13030325511425744
    ]
  ],
  "kernel_matrix_train": [
    [
      1.0000000000000004,
      0.7526422749596304,
      0.05155794451451907,
      0.028420967485160254,
      0.688933726783393,
      0.7729183993949819,
      0.4188751815644186,
      0.44532005061033353,
      0.02838913902950334,
      0.26005474710135434,
      0.806609155222615,
      0.8840164735247514,
      0.02108971389373915,
      0.05168007558232353,
      0.9042850134630676
    ],
    [
      0.7526422749596309,
      1.0000000000000004,
      0.009020980271529686,
      0.10212751301555677,
      0.27946367018412277,
      0.6847271394910953,
      0.193494045530334,
      0.22366356721682548,
      0.07155343270392467,
      0.20848510239453852,
      0.9952185955751487,
      0.7393713805811274,
      0.01305110644289736,
      1.1420432528910155e-05,
      0.4670616478666746
    ],
    [
      0.051557944514519054,
      0.009020980271529623,
      1.0,
      0.6300183024619286,
      0.12766392191714246,
      0.3303153800916918,
      0.5444548713077483,
      0.5606651484808816,
      0.7080721394910899,
      0.8489924850986754,
      0.010667668058418614,
      0.22199065720432648,
      0.8599062830275075,
      0.5420902793898369,
      0.06069630567937952
    ],
    [
      0.028420967485160254,
      0.10212751301555673,
      0.6300183024619285,
      0.9999999999999998,
      0.0011281029774999525,
      0.25489576038347755,
      0.1439346349865503,
      0.1724386424802938,
      0.987916566369922,
      0.6423917654273277,
      0.09038126236458813,
      0.1545532572459981,
      0.861593380410119,
      0.06775816083185005,
      5.618460690559217e-07
    ],
    [
      0.6889337267833926,
      0.27946367018412266,
      0.1276639219171423,
      0.001128102977499963,
      0.9999999999999998,
      0.6235020920396106,
      0.7393592378497907,
      0.7279385709858327,
      1.1826911377789508e-06,
      0.28822678783860867,
      0.3226091591314962,
      0.6964085904518151,
      0.008176439241591062,
      0.41560596485988666,
      0.8878244168405663
    ],
    [
      0.7729183993949821,
      0.6847271394910953,
      0.3303153800916918,
      0.25489576038347755,
      0.6235020920396108,
      0.9999999999999998,
      0.7337878028987426,
      0.77144909337116,
      0.24914756508561062,
      0.6920428714283193,
      0.7035050776461729,
      0.9766441042375247,
      0.21239153666431768,
      0.28016017219851086,
      0.652224800397367
    ],
    [
      0.4188751815644186,
      0.19349404553033384,
      0.5444548713077482,
      0.14393463498655026,
      0.739359237849791,
      0.7337878028987426,
      1.0,
      0.9974092186697181,
      0.1692385878681921,
      0.7349868495982509,
      0.2108848393965269,
      0.6734265908466291,
      0.23592345696496908,
      0.7790705190123566,
      0.5195604989112241
    ],
    [
      0.44532005061033336,
      0.22366356721682554,
      0.5606651484808814,
      0.17243864248029386,
      0.7279385709858323,
      0.7714490933711601,
      0.9974092186697179,
      0.9999999999999996,
      0.19803090858534397,
      0.7679057569108125,
      0.24158800837005923,
      0.7076898468073428,
      0.26093977447835,
      0.7455564424962002,
      0.5283124620609767
    ],
    [
      0.028389139029503387,
      0.07155343270392475,
      0.7080721394910899,
      0.9879165663699226,
      1.1826911377796399e-06,
      0.24914756508561084,
      0.16923858786819218,
      0.1980309085853441,
      1.0,
      0.6719061890756494,
      0.06487724537157517,
      0.15097940738822338,
      0.927751348469665,
      0.09341978902740769,
      0.0006595311380978054
    ],
    [
      0.26005474710135434,
      0.20848510239453852,
      0.8489924850986755,
      0.642391765427328,
      0.2882267878386089,
      0.6920428714283197,
      0.7349868495982509,
      0.7679057569108125,
      0.671906189075649,
      1.0,
      0.21065549164812528,
      0.5572016047482485,
      0.694295654801671,
      0.513594265026497,
      0.21624309294494332
    ],
    [
      0.806609155222615,
      0.9952185955751478,
      0.010667668058418591,
      0.09038126236458816,
      0.32260915913149646,
      0.7035050776461729,
      0.21088483939652708,
      0.24158800837005912,
      0.06487724537157512,
      0.21065549164812528,
      0.9999999999999998,
      0.7696866229910418,
      0.013404301373553622,
      0.0002014446569570316,
      0.5287493428184872
    ],
    [
      0.8840164735247515,
      0.7393713805811274,
      0.22199065720432654,
      0.15455325724599817,
      0.6964085904518154,
      0.9766441042375256,
      0.6734265908466295,
      0.707689846807343,
      0.1509794073882233,
      0.5572016047482489,
      0.7696866229910415,
      1.0000000000000004,
      0.1258613721628705,
      0.21209523443330106,
      0.7718830232511944
    ],
    [
      0.021089713893739086,
      0.013051106442897347,
      0.859906283027508,
      0.8615933804101192,
      0.00817643924159106,
      0.21239153666431757,
      0.23592345696496914,
      0.2609397744783499,
      0.9277513484696652,
      0.6942956548016712,
      0.013404301373553622,
      0.12586137216287036,
      1.0,
      0.1867298143419477,
      0.006274938919082802
    ],
    [
      0.051680075582323654,
      1.1420432528910905e-05,
      0.5420902793898366,
      0.06775816083185002,
      0.41560596485988666,
      0.2801601721985111,
      0.7790705190123565,
      0.7455564424962005,
      0.09341978902740765,
      0.5135942650264967,
      0.00020144465695703004,
      0.212095234433301,
