{
  "ansatz_params": [
    [
      [
        -0.12458285569925662,
        -0.0036778665674807587
      ],
      [
        0.012879269482298073,
        0.0019397441677427149
      ]
    ]
  ],
  "dataset": "moons",
  "early_stopping_min_delta": 0.0,
  "early_stopping_patience": null,
  "embedding": "angle",
  "embedding_layers": 1,
  "embedding_params": null,
  "final_loss": 1.478981187053725,
  "loss_history": [
    1.584821023722526,
    1.4812426470657252,
    1.491650272849453,
    1.5261209550719206,
    1.5381523410509426,
    1.5203275516859966,
    1.4968815876068717,
    1.4820087493674725
  ],
  "model": "vqc",
  "n_layers": 1,
  "n_qubits": 2,
  "n_samples": 50,
  "noise": 0.1,
  "optimizer": "adam",
  "optimizer_kwargs": {},
  "params": [
    -0.12458285569925662,
    -0.0036778665674807587,
    0.012879269482298073,
    0.0019397441677427149
  ],
  "seed": 123,
  "shots": null,
  "step_size": 0.1,
  "steps": 8,
  "test_accuracy": 0.6153846153846154,
  "test_probabilities": [
    0.19494746295060178,
    0.155478896217912,
    0.006143205468527757,
    0.35152909959184697,
    0.11071746890854584,
    0.02777800313996709,
    0.5123341705469209,
    0.5563187240917563,
    0.43592847692632153,
    0.2155133195438269,
    0.5209355284420863,
    0.0005852510312050474,
    0.17409480673339084
  ],
  "test_size": 0.25,
  "train_accuracy": 0.4594594594594595,
  "train_probabilities": [
    0.00523062356860815,
    0.3455095497974406,
    0.3721127935181472,
    0.0029460453465181002,
    0.5105514702456239,
    0.6711634879193017,
    0.3839060159762996,
    0.1568419456304765,
    0.08937828208701926,
    0.24475566705820012,
    0.09349927175325812,
    0.11410469242245957,
    0.03394505706931317,
    0.46606717052208835,
    0.06213848827248586,
    0.17818020736294593,
    0.0029043256061540013,
    0.008991257622506743,
    0.5201910679345628,
    0.010017367499583818,
    0.2831938326685335,
    0.6354670347843896,
    0.00899395402597264,
    0.5969242934933154,
    0.08522184733296584,
    0.027612482357840307,
    0.03564604033111407,
    0.0854022893241898,
    0.12459228639122383,
    0.5137214712373626,
    0.6715698325413606,
    0.13973965089749207,
    0.0117783414323398,
    0.03443269336534377,
    0.07353242770727902,
    0.08073667988575195,
    0.05528588706062487
  ],
  "y_test": [
    1,
    1,
    0,
    0,
    1,
    0,
    1,
    1,
    0,
    1,
    0,
    0,
    0
  ],
  "y_test_pred": [
    0,
    0,
    0,
    0,
    0,
    0,
    1,
    1,
    0,
    0,
    1,
    0,
    0
  ],
  "y_train": [
    1,
    1,
    1,
    0,
    1,
    1,
    0,
    0,
    0,
    1,
    1,
    0,
    0,
    0,
    0,
    1,
    0,
    1,
    0,
    1,
    0,
    0,
    1,
    0,
    1,
    0,
    1,
    1,
    0,
    1,
    0,
    1,
    1,
    0,
    1,
    0,
    1
  ],
  "y_train_pred": [
    0,
    0,
    0,
    0,
    1,
    1,
    0,
    0,
    0,
    0,
    0,
    0,
    0,
    0,
    0,
    0,
    0,
    0,
    1,
    0,
    0,
    1,
    0,
    1,
    0,
    0,
    0,
    0,
    0,
    1,
    1,
    0,
    0,
    0,
    0,
    0,
    0
  ]
}