{
  "conv1_params": [
    [
      -0.39839961132957574,
      -0.006710894547361231,
      -0.44583981910416776,
      -0.509698373278679,
      0.4480965778777293,
      -0.006599690426857552
    ],
    [
      0.27454550367763797,
      0.0033776943248541285,
      -0.3843060025735454,
      0.31794329779856884,
      -0.35074471484851016,
      0.011268071579712373
    ]
  ],
  "conv2_params": [
    [
      -0.4661557952979072,
      -0.0014597785459833591,
      -0.34559663821256786,
      0.3505787511927175,
      -0.40204936591700546,
      5.114231322642957e-05
    ]
  ],
  "dataset": "moons",
  "dense_params": [
    -0.4095932430843874,
    -0.01230232090590618
  ],
  "early_stopping_min_delta": 0.0,
  "early_stopping_patience": null,
  "embedding_params": [
    [
      -0.5027389231930612,
      -0.45206219099702183,
      -0.032794713762073366
    ],
    [
      -0.31891640447587,
      -0.42958285742223473,
      -0.4884601157345533
    ],
    [
      0.2597575356966131,
      0.2810683872761322,
      -0.19927173085561162
    ],
    [
      -0.26657358348031307,
      -0.3843316376447053,
      0.5223210141902587
    ]
  ],
  "final_loss": 0.5754239911932656,
  "loss_history": [
    1.047792846651601,
    0.7750226580325289,
    0.6667186978914269,
    0.6280289669490361,
    0.6156053942113214,
    0.604949907754199
  ],
  "model": "qcnn",
  "n_qubits": 4,
  "n_samples": 40,
  "noise": 0.1,
  "optimizer": "adam",
  "optimizer_kwargs": {},
  "params": [
    -0.5027389231930612,
    -0.45206219099702183,
    -0.032794713762073366,
    -0.31891640447587,
    -0.42958285742223473,
    -0.4884601157345533,
    0.2597575356966131,
    0.2810683872761322,
    -0.19927173085561162,
    -0.26657358348031307,
    -0.3843316376447053,
    0.5223210141902587,
    -0.39839961132957574,
    -0.006710894547361231,
    -0.44583981910416776,
    -0.509698373278679,
    0.4480965778777293,
    -0.006599690426857552,
    0.27454550367763797,
    0.0033776943248541285,
    -0.3843060025735454,
    0.31794329779856884,
    -0.35074471484851016,
    0.011268071579712373,
    -0.4661557952979072,
    -0.0014597785459833591,
    -0.34559663821256786,
    0.3505787511927175,
    -0.40204936591700546,
    5.114231322642957e-05,
    -0.4095932430843874,
    -0.01230232090590618
  ],
  "seed": 123,
  "shots": null,
  "step_size": 0.1,
  "steps": 6,
  "test_accuracy": 0.9,
  "test_probabilities": [
    0.818564447296495,
    0.8189027116223548,
    0.3332627105062702,
    0.4383908078171797,
    0.8013501878789842,
    0.26937802219952917,
    0.812290881145067,
    0.44550876719289306,
    0.3559033026830942,
    0.3290890299294289
  ],
  "test_size": 0.25,
  "train_accuracy": 0.7,
  "train_probabilities": [
    0.8292463708810209,
    0.813761039225834,
    0.8098188609732392,
    0.3484658681710505,
    0.3988651278837556,
    0.3126481436560165,
    0.8046292697353833,
    0.5285436156681538,
    0.34375901396492486,
    0.45811273612028575,
    0.7684994424611787,
    0.8045983160677532,
    0.8002482452069668,
    0.8049539536301167,
    0.7646365495757359,
    0.8237144672771821,
    0.35505742905218884,
    0.2793029971276214,
    0.8118286008169804,
    0.33571871339740644,
    0.5733485990112335,
    0.432429955178692,
    0.3716714638117607,
    0.8359358280436803,
    0.8061437528719815,
    0.8282270271634055,
    0.6339148942574183,
    0.8178141788552598,
    0.7372149784928137,
    0.8501104406445428
  ],
  "y_test": [
    1,
    1,
    0,
    0,
    1,
    0,
    1,
    1,
    0,
    0
  ],
  "y_test_pred": [
    1,
    1,
    0,
    0,
    1,
    0,
    1,
    0,
    0,
    0
  ],
  "y_train": [
    1,
    1,
    1,
    0,
    1,
    0,
    1,
    0,
    0,
    0,
    1,
    1,
    1,
    1,
    0,
    0,
    0,
    0,
    0,
    0,
    0,
    1,
    0,
    1,
    1,
    0,
    0,
    1,
    1,
    1
  ],
  "y_train_pred": [
    1,
    1,
    1,
    0,
    0,
    0,
    1,
    1,
    0,
    0,
    1,
    1,
    1,
    1,
    1,
    1,
    0,
    0,
    1,
    0,
    1,
    0,
    0,
    1,
    1,
    1,
    1,
    1,
    1,
    1
  ]
}